Student Name,Age,Gender,Class,Quiz 1,Quiz 2,Quiz 3,Assignment Score,Midterm,Final Exam,Time Spent (hrs/week),Result
Rahul,15,,10A,,22,absent,,40,10,,Pass
Priya,18,,10A,absent,,absent,,54,15,five,
Arjun,,F,,,,,,45,,,Fail
Rahul,19,Female,10-B,,absent,absent,69,,,2.22,pass
Rohit,18,F,XI,absent,,,,,,,Fail
Sneha ,18,,10A,,absent,absent,,absent,absent,,
Meena,18,,10-B,,absent,absent,absent,58,25,,Pass
Aditi,16,F,12 ,,,,absent,,,9.35,pass
Sneha,,F,XI,,,absent,69,73,absent,five,Fail
Rohit,18,M,10-B,,,44,,58,,five,Fail
Aditi,seventeen,Female,10-B,absent,absent,,absent,absent,absent,4.63,
Sneha,15,,10A,,,,,10,,,FAIL
Priya,15,F,,,absent,,37,,30,five,FAIL
Arjun,,,12 ,92,,,,,,,Pass
Arjun,18,Male,10-B,,36,,,55,93,,pass
Sneha,15,,,,,50,absent,,,,
Rahul,19,,,,,,,30,100,,Fail
Sneha,16,M,10A,absent,62,,absent,absent,77,,Fail
Meena,,Female,10-B,,75,66,,89,,1.59,pass
Meena,17,Male,10-B,,99,,,,,5.91,Pass
Meena,seventeen,,10A,82,,64,,,,,FAIL
Rahul ,,,,absent,,,absent,,,five,
Meena,18,M,10A,absent,,,13,,,,Pass
Rahul,15,,,,,,,absent,,,FAIL
Karan,17,Male,,,76,75,1,,absent,8.17,Pass
Rahul,seventeen,F,,,absent,,absent,64,,five,Pass
Priya,17,,10A,,,,67,89,,five,Pass
Arjun,15,Male,,absent,,absent,,,,five,FAIL
Vikram,,,,,100,,,,,,
Aditi,seventeen,Male,10-B,76,90,,,26,,five,pass
Vikram,16,F,,,,,,absent,39,,FAIL
Ananya,18,Male,10A,,absent,,,26,15,five,
Aditi,16,Female,,,,71,,,78,five,Fail
Vikram,17,Female,10-B,,43,,68,,,5.33,
Priya,15,M,10-B,58,,,,,,,
Rohit,16,Female,12 ,,,,,7,,five,Fail
Priya,17,Male,10A,85,,absent,,,80,,pass
Rohit,15,F,10-B,52,,,,18,absent,0.88,FAIL
Vikram,seventeen,Female,12 ,,absent,77,absent,,absent,,FAIL
Aditi,15,,10-B,,16,absent,absent,,,five,
Ananya,,,,,,29,,,,,FAIL
Ananya,19,,10-B,79,absent,,,,,five,FAIL
Ananya,19,,10-B,79,absent,,,,,five,FAIL
Meena ,18,F,10A,,,absent,30,,61,five,Pass
Sneha,seventeen,Male,10-B,,68,42,,,,five,
Rohit,17,Male,,,70,,,,,,
Aditi,17,,10-B,absent,,absent,,73,,2.57,pass
Ananya,15,M,12 ,99,,,,,absent,,pass
Karan,,M,,8,absent,,absent,,absent,,
Meena,15,Female,10-B,,,absent,,36,absent,five,
Ananya,,Female,10-B,,,,,,absent,,Pass
Arjun,seventeen,Male,10-B,,absent,,absent,13,absent,,
Sneha ,,Female,10-B,absent,,,,,absent,five,
Vikram ,15,F,XI,absent,,,,,,five,
Sneha,18,Male,,68,,24,absent,,,9.2,FAIL
Priya,15,Male,12 ,,absent,,35,absent,,,
Sneha,15,M,12 ,,absent,99,82,absent,,,pass
Priya,17,F,10-B,71,,,,,10,4.34,Pass
Aditi,,F,12 ,absent,,,absent,,absent,,FAIL
Karan,,F,,,72,,,absent,,five,FAIL
Sneha,seventeen,Female,10A,,absent,67,,,absent,,
Ananya ,19,F,,absent,,53,,absent,absent,,
Karan,15,M,,53,absent,,,70,,,
Sneha,18,,12 ,,14,,,,,,
Meena,,F,12 ,,,89,absent,,absent,,
Rohit,15,,,85,4,,,,10,,
Vikram,,M,,,,,absent,,,,Pass
Aditi,,F,10A,absent,,,,,,,Fail
Aditi,,F,10A,absent,,,,,,,Fail
Aditi,17,Male,,49,absent,90,,,,five,Fail
Karan ,16,,10-B,absent,,15,,absent,,,Pass
Meena,16,F,XI,,,,74,47,,8.29,FAIL
Priya,17,Female,12 ,40,,,18,,,,
Karan,,M,10-B,,,,,,,7.81,
Priya,16,,10-B,,,,43,absent,19,,Fail
Vikram,15,,10A,,,25,,,,,Pass
Rahul ,,,10A,25,,,absent,,,,Fail
Rahul,,F,12 ,,30,absent,84,,,,Fail
Arjun,19,F,12 ,97,,,,,absent,,
Vikram,19,,10-B,,44,,,absent,,five,FAIL
Arjun,,,10A,,,,,,,five,Pass
Rohit,19,M,10-B,,,,16,absent,,,FAIL
Rohit,16,Female,,,76,,absent,,,8.29,
Sneha ,16,Female,,54,,,,absent,64,,Fail
Vikram,17,Male,12 ,absent,,,,,,5.38,pass
Karan,,Male,,,,61,,38,absent,,FAIL
Vikram,16,,,,,absent,absent,,absent,five,Pass
Aditi,,,,53,absent,,,29,absent,,
Ananya ,17,F,10-B,,61,,51,,,,pass
Meena,15,,,,49,4,,,,,Pass
Priya,seventeen,F,12 ,absent,,absent,,14,absent,,
Rahul,19,Male,10-B,,absent,,absent,,absent,,Fail
Ananya ,17,F,,8,,absent,,,,,Pass
Aditi,19,Female,,41,absent,41,absent,absent,,,
Meena,16,F,XI,11,,,42,56,,,pass
Sneha,19,M,10-B,absent,absent,,55,,,five,
Aditi,18,,XI,,absent,,,97,,,FAIL
Vikram,16,M,10-B,,14,absent,,absent,1,five,Pass
Arjun,,M,12 ,,,absent,,,absent,,
Karan ,seventeen,Female,10A,,absent,100,absent,,63,,
Sneha,16,Female,10-B,absent,89,,,37,absent,2.8,FAIL
Meena,,,10-B,absent,,,81,absent,,,pass
Sneha,17,,10A,80,,,absent,,absent,,
Vikram,15,,,absent,67,,,6,,five,Fail
Ananya,18,F,10A,,,94,40,,,1.2,Pass
Ananya,,Female,,89,,,,71,,8.41,Fail
Rohit ,19,Male,10A,,,57,90,57,,,Pass
Rahul ,seventeen,,XI,93,34,20,absent,,absent,,
Rahul,19,,10-B,,,absent,,absent,,,
Aditi,17,Male,12 ,,absent,,,,,,FAIL
Arjun ,17,,,absent,55,37,absent,,,,pass
Meena,15,,,,,,,absent,,five,Pass
Karan,16,Male,,absent,,absent,,,34,five,pass
Meena,seventeen,Female,XI,,,,,absent,,4.03,
Karan,17,,,62,93,,,3,,,pass
Arjun ,16,Male,12 ,,absent,,,7,,0.52,FAIL
Aditi,16,,XI,,absent,absent,63,,absent,,
Sneha ,,Female,10-B,absent,,,absent,,,five,
Rahul,,,,14,absent,absent,,15,,1.78,pass
Ananya,17,M,10-B,36,,absent,30,,,,
Aditi,16,Male,,,,17,,,,,
Vikram,17,Female,,,,,9,,,2.53,Pass
Arjun,16,,10A,,,,,,70,five,Fail
Priya ,17,Male,,absent,,,absent,,absent,five,
Karan,18,,,absent,,,24,,,five,Pass
Aditi,18,Male,12 ,51,,,,,,five,FAIL
Vikram,19,,10-B,absent,67,,33,absent,,,
Rahul,,Female,,,43,absent,,,,6.77,Fail
Arjun,17,M,,,,18,absent,,absent,,Pass
Arjun,19,M,12 ,,,,,,,,pass
Arjun,17,Female,,,absent,,absent,,absent,five,pass
Aditi ,19,Male,XI,,absent,,,,,7.84,Fail
Priya,seventeen,,,,,,,,,9.38,
Karan,seventeen,Male,10-B,,absent,,,,55,,
Aditi,seventeen,F,10A,,,absent,,absent,,,
Ananya,19,,10A,,,,,,,five,Pass
Priya,,F,XI,absent,,,,,,6.96,FAIL
Aditi,seventeen,M,,,,absent,,83,,,FAIL
Arjun,18,Male,XI,,,85,94,28,absent,five,Pass
Arjun,seventeen,M,XI,,,absent,absent,,,,FAIL
Meena,,Female,,,,absent,absent,,absent,,Fail
Rohit,16,,,22,,,,93,,1.93,
Vikram,,F,,,,83,,,,0.95,Fail
Vikram,,M,10A,absent,17,absent,,,41,five,FAIL
Meena,16,,XI,40,96,22,,absent,,five,pass
Sneha,17,,XI,,absent,absent,absent,,,5.12,pass
Priya ,19,F,XI,,90,53,71,absent,absent,,
Rahul,18,F,12 ,,41,37,,,,five,FAIL
Sneha,15,Male,,absent,,,absent,absent,,,Fail
Arjun,19,Female,10A,,,,,,absent,9.43,Fail
Meena ,18,Female,10-B,,98,23,,5,,,pass
Aditi,seventeen,M,XI,,,,,,,five,
Vikram,19,,10-B,,absent,,53,absent,,five,Pass
Rohit,15,M,,absent,,,76,,,7.78,
Aditi,,F,,,79,,,,absent,,pass
Priya,16,Female,XI,93,6,,100,,,,Pass
Ananya,17,,,absent,,,,,absent,,
Priya ,,,,absent,,,,,,,
Aditi,15,Male,XI,absent,,,absent,,absent,,
Sneha,,F,10A,absent,,57,,44,,9.17,FAIL
Rahul,16,,XI,,95,,,absent,,,pass
Rohit,18,,,,,36,,,,,Pass
Meena ,seventeen,Male,10A,,absent,59,,absent,,,
Arjun,,F,10-B,absent,60,,absent,absent,absent,,
Vikram,18,M,12 ,absent,1,,absent,,,,FAIL
Sneha,15,,10-B,,absent,,absent,,64,,pass
Aditi,18,,10A,,,absent,,,absent,,Fail
Sneha,19,,10A,,,19,71,,53,five,
Ananya ,18,,12 ,,,66,,35,,,FAIL
Ananya,19,,10A,absent,,,,91,absent,4.03,Pass
Vikram ,16,M,12 ,88,,84,,absent,,,FAIL
Meena,16,M,10A,,,,,,24,five,Fail
Priya,,Female,12 ,,absent,,absent,,,,Pass
Rahul,,F,12 ,,,absent,,absent,,,pass
Rahul,16,Female,10-B,absent,,,35,,absent,8.08,FAIL
Rahul,,,10A,,,,21,absent,,1.94,FAIL
Rahul,18,Female,,absent,,,,40,absent,five,Pass
Ananya,15,Male,10A,,48,,,,,,Pass
Vikram,15,F,XI,,,57,,,,five,
Arjun,seventeen,M,,absent,absent,,,,absent,five,Pass
Arjun,,,10A,,absent,,,,79,9.69,Fail
Sneha,19,Male,10A,,36,,,,absent,3.16,
Rohit,19,Male,,43,,,,,,,Pass
Meena,15,F,,absent,,,absent,,,7.47,
Meena,,,XI,,,absent,,,,,
Priya ,15,,,42,,absent,,absent,,,
Arjun,seventeen,Female,12 ,,,absent,43,absent,absent,,pass
Karan,17,Female,10-B,,,,84,47,,,Fail
Vikram,16,M,10A,68,74,absent,,,,five,
Rahul,17,F,12 ,absent,,,,,absent,0.7,FAIL
Aditi,17,M,12 ,absent,53,53,78,,absent,five,Fail
Ananya ,,Male,XI,,,,,,,five,pass
Rahul,seventeen,F,10-B,,,,,,,,Fail
Meena ,seventeen,,10-B,,,,24,absent,,,
Karan,17,,,72,,,,,,,pass
Rahul,19,,,,,,absent,,,,Pass
Karan,16,F,12 ,84,absent,,absent,absent,55,,FAIL
Priya,17,Male,12 ,,61,,absent,59,,,pass
Karan,,,10-B,absent,absent,67,,73,,,Fail
Aditi ,17,,,27,34,,,,,9.29,FAIL
Vikram ,seventeen,Male,12 ,,,,absent,absent,91,,pass
Rahul,,,10A,50,,47,absent,absent,,,Pass
Rahul,18,Male,,,absent,,,absent,,1.03,FAIL
Karan,,,XI,,,,34,,8,,
Karan,18,Female,12 ,40,80,absent,72,,,,
Arjun,18,M,10A,absent,,,absent,,absent,,
Karan,17,F,12 ,absent,,,absent,absent,,5.72,FAIL
Ananya ,15,M,,,,,,absent,81,9.9,
Arjun ,seventeen,,12 ,absent,,,,absent,,five,Fail
Arjun,18,F,12 ,absent,,,,,absent,,Pass
Aditi,17,F,10A,,absent,72,,,,5.88,Pass
Priya,17,F,12 ,,,26,,absent,absent,,
Rahul,,M,,,,,absent,,,,Fail
Rahul,,M,,,,,absent,,,,Fail
Sneha,18,M,10A,,,,absent,,,3.12,FAIL
Ananya,16,Male,,77,,,absent,36,,,Pass
Meena,15,F,12 ,,,73,9,,,,
Arjun,16,,,,,,48,,,five,FAIL
Rahul,17,Female,10-B,,,,,,absent,,FAIL
Meena,,Male,,absent,absent,,absent,absent,,5.47,Pass
Sneha,18,,XI,30,14,,,,absent,7.8,
Meena,18,Female,12 ,absent,,,,absent,,,FAIL
Ananya ,17,F,10A,,7,43,,30,48,8.35,
Aditi,16,,,,,,,85,8,1.59,
Rohit,seventeen,,,,,,81,,,5.4,
Rohit,19,M,12 ,,,44,,,,five,Pass
Meena,18,M,,,4,,,,,,pass
Aditi,15,F,,93,absent,,,,,,pass
Aditi ,17,Male,12 ,absent,,,absent,,,,pass
Rahul,19,,,81,absent,,,,,,
Rahul,17,,XI,,absent,,,56,absent,4.91,FAIL
Karan,18,Male,10-B,,absent,52,,,,five,pass
Ananya,seventeen,Male,XI,absent,absent,absent,absent,47,absent,,Fail
Vikram,seventeen,,,95,10,88,37,,,,Fail
Arjun,17,,10-B,absent,,,,,,,Fail
Ananya,16,Male,XI,,,20,,,,,Pass
Meena,,Female,,,absent,,,,,,pass
Aditi ,16,F,XI,9,,,,54,,five,FAIL
Arjun ,19,Female,XI,,23,,13,,50,,
Arjun ,15,M,,,1,,,,absent,five,Pass
Aditi,18,F,12 ,,absent,,69,,,1.54,
Meena,,,,,,,,,,2.66,
Sneha,15,Female,XI,absent,,,,,71,five,FAIL
Rohit,18,,10-B,,29,,,absent,,,
Rahul,19,M,10-B,,57,,,99,,five,Fail
Ananya,seventeen,,,,,absent,,,68,five,
Aditi ,,Female,10-B,absent,,absent,,,,5.77,Pass
Arjun,,,10A,7,4,,,,,5.64,
Priya,18,,XI,,,absent,,21,88,five,
Priya ,,,,,,98,40,,,,FAIL
Vikram,seventeen,Female,XI,92,,59,,,28,5.67,Fail
Meena,19,,,,,,absent,,68,,
Karan,17,F,,,absent,,,,,1.96,pass
Rahul,,F,10-B,,absent,absent,61,79,27,five,FAIL
Aditi,16,F,10-B,,absent,absent,,,absent,five,
Aditi,19,Female,XI,39,,absent,,,,,Pass
Rahul,17,,,80,,,,,,five,Fail
Aditi,17,F,,,,absent,,8,,,Fail
Meena,seventeen,Male,10A,,absent,,,,absent,five,Pass
Meena,seventeen,Male,10A,,absent,,,,absent,five,Pass
Karan,,,10A,,18,,,absent,,,FAIL
Meena,,,,37,67,absent,,absent,,,pass
Karan,19,,XI,,95,51,9,,92,,FAIL
Rahul,17,M,,,absent,,,,,five,
Ananya,seventeen,M,10A,89,,,,,,five,
Sneha,18,Female,XI,,,absent,24,absent,,five,FAIL
Sneha,15,Female,10A,27,absent,66,,absent,,,Fail
Sneha,18,F,10A,,,92,,80,,5.06,
Rohit ,seventeen,Female,10-B,,81,,,,,five,Pass
Rahul,,Female,,absent,absent,,99,,,five,Fail
Ananya,,,10-B,absent,29,,,12,,five,pass
Arjun ,19,Female,,absent,absent,,,,,0.68,FAIL
Rahul,16,Female,,15,,,,,absent,,FAIL
Sneha,seventeen,,10-B,83,,,,absent,80,5.14,
Vikram ,16,,10-B,,,82,absent,,absent,,
Aditi,,M,,,absent,,,,24,,FAIL
Ananya,19,F,XI,,,,,96,,,
Aditi,16,Female,12 ,,,,15,,17,five,FAIL
Priya,17,Female,XI,absent,,,,,absent,five,FAIL
Ananya,18,Female,10-B,8,absent,45,,,absent,,Pass
Meena,15,Male,XI,absent,,,absent,54,,,Fail
Karan,seventeen,F,12 ,,,13,absent,absent,,,FAIL
Priya ,19,,10-B,,87,,,,,0.95,
Vikram ,,,10A,77,,,,,,,pass
Vikram ,19,Male,XI,,,,3,,,five,
Aditi,19,,10-B,absent,32,,absent,,,five,Fail
Aditi,19,,10-B,absent,32,,absent,,,five,Fail
Vikram,17,Male,,,,,,,,,
Sneha,18,F,XI,,,90,absent,,absent,five,
Arjun,,F,10A,13,,absent,,,,,FAIL
Rahul,,M,10-B,,73,,,,absent,five,
Priya,seventeen,Male,10-B,79,absent,,,absent,54,3.51,Fail
Arjun,18,Male,XI,,,,99,absent,,,
Arjun,16,,10A,,,absent,4,4,absent,,FAIL
Sneha,seventeen,,XI,,absent,,,,,1.08,FAIL
Rahul,,Female,,,,,100,21,49,,
Karan,18,F,XI,,absent,55,absent,,,,
Priya,18,Female,10-B,,,absent,,,absent,,
Aditi,,M,10A,,65,,,70,90,9.82,pass
Meena,seventeen,,XI,,12,,absent,absent,,,FAIL
Sneha,,F,10A,,,,48,,,0.66,FAIL
Rohit,17,Male,10A,,absent,,,,,five,FAIL
Karan,17,F,10-B,,,,,absent,,,
Meena,18,,,,26,,,absent,,,Pass
Rahul,15,Male,,10,,,,,9,,
Rohit,17,Female,10A,,,,absent,81,,2.63,FAIL
Karan,,,12 ,absent,,,,4,,5.77,pass
Meena,19,,12 ,absent,,55,,,5,,
Sneha ,18,M,XI,,,,,,34,,Fail
Sneha ,18,M,XI,,,,,,34,,Fail
Rohit,17,M,,,,,,,absent,,Fail
Meena,16,F,10A,absent,56,,,5,,6.86,
Ananya,18,,,,,,69,66,,five,Pass
Priya,17,,10-B,absent,8,,absent,,absent,,FAIL
Arjun,19,Female,,,,,100,,,,Fail
Ananya,,Male,,,30,absent,34,,absent,5.59,Pass
Aditi,17,,,,,,48,,,five,FAIL
Ananya,seventeen,Female,XI,,,93,,,,,
Karan,16,F,XI,,,,39,,,,Pass
Vikram,17,Male,,,absent,,,,,five,
Sneha,19,M,,,68,74,absent,absent,,8.46,pass
Vikram,16,,XI,absent,54,76,,2,7,6.4,
Rahul,19,M,12 ,,absent,,,absent,,,
Sneha,19,M,10A,34,,,,,28,,FAIL
Meena,15,Female,,95,,94,absent,absent,,,
Vikram,18,,,38,,,,,,,
Meena,17,F,XI,1,absent,absent,,,70,4.44,
Aditi,seventeen,F,,85,,,,,,,
Arjun,16,Female,,,,,absent,,,,Pass
Karan,,,10A,,79,,,absent,,,
Aditi,16,,10-B,,5,,,,,five,FAIL
Ananya,17,,XI,absent,absent,,,,,,
Rohit,19,,10A,,,absent,,,,five,
Meena,seventeen,F,XI,6,,absent,96,,,,FAIL
Arjun ,,,10-B,,absent,47,,56,,five,
Rohit,15,,12 ,absent,36,,absent,absent,,,FAIL
Ananya,17,F,12 ,,,,,48,absent,9.93,Pass
Priya,,,12 ,12,absent,,47,81,,five,FAIL
Ananya,,,,6,absent,,53,absent,,,Pass
Karan,,Female,10-B,,37,80,,,,2.84,Pass
Rohit,17,,XI,58,,,,,,,Pass
Priya,19,F,12 ,absent,,,,absent,28,,pass
Sneha,17,,XI,33,27,,32,,,,
Sneha,17,,XI,33,27,,32,,,,
Rohit,,Female,XI,,,,29,,absent,,FAIL
Sneha,15,,,63,,4,,,,8.04,Fail
Rahul,18,,10A,13,,56,,,,five,Pass
Vikram,16,Male,XI,,70,10,39,,,8.88,
Vikram,16,Male,XI,,70,10,39,,,8.88,
Rohit ,15,M,10A,absent,,68,absent,absent,,five,
Meena ,,,10-B,34,absent,96,,20,,1.89,pass
Vikram,16,,,,,absent,,5,absent,,
Meena,seventeen,F,,,,,53,,,five,pass
Sneha,16,Female,,,,,,absent,,five,pass
Sneha ,16,,,38,,,,absent,,8.1,
Rahul,,,,8,,67,absent,48,,1.68,
Arjun,19,Male,12 ,absent,,,26,,63,five,FAIL
Karan,15,,12 ,,,,,absent,,,Pass
Sneha,,Male,XI,absent,,,,,,3.4,Fail
Aditi,17,,10-B,45,,absent,absent,absent,,,Pass
Aditi,seventeen,F,10-B,absent,absent,absent,absent,,,,Fail
Arjun,19,M,,absent,,absent,,,,,Fail
Arjun,15,,12 ,,,,,,absent,2.68,pass
Karan,16,,,absent,,absent,,absent,absent,five,
Ananya,,Male,10-B,,,18,absent,35,,,FAIL
Rohit ,18,F,10-B,absent,82,absent,,absent,,five,pass
Sneha,,Female,10-B,,33,,,,absent,3.38,Fail
Sneha,,Female,10-B,,33,,,,absent,3.38,Fail
Rohit,,Female,12 ,absent,,absent,absent,,,2.66,Pass
Rahul,18,Male,10A,absent,5,,,,63,,Fail
Rahul,17,,,,,,,,absent,,pass
Vikram,19,Female,,81,92,64,,,,,Fail
Rahul,seventeen,,12 ,absent,,,absent,18,,,
Meena,19,Female,XI,,62,,,,absent,7.14,
Arjun,,Male,10A,,,,,,,1.15,FAIL
Karan ,15,M,,89,,93,70,,,five,Pass
Karan,19,,10-B,,absent,,,,,,
Rahul,,M,10A,,19,,,,,five,FAIL
Rohit,19,Female,XI,,,,,,25,five,Pass
Vikram,18,,,,58,10,,absent,,1.64,FAIL
Aditi ,16,Female,XI,,,45,,,,five,Pass
Rohit,16,Male,10A,4,,absent,,,,,pass
Rahul,18,Male,,absent,,absent,,,,five,Pass
Vikram ,17,Male,,95,,55,1,54,absent,five,FAIL
Ananya,15,M,XI,56,,absent,,absent,absent,,Fail
Rohit,seventeen,Male,,,,,,,,0.5,pass
Karan,,M,,,,,absent,11,absent,,
Aditi,16,,XI,absent,absent,79,,,,3.96,FAIL
Priya,,M,XI,28,absent,absent,93,,absent,,
Ananya,19,Male,,,absent,absent,absent,57,15,8.06,pass
Ananya,16,Female,XI,,,,,absent,,,FAIL
Aditi ,,F,,,94,absent,35,,,five,Pass
Ananya,,Male,,,,,,,77,,Fail
Priya,15,,10-B,96,,,,,,6.83,pass
Meena,,Male,10A,absent,,absent,,absent,,2.84,FAIL
Karan,17,Male,XI,,,,,27,absent,,
Sneha,seventeen,Female,,,,,absent,absent,99,9.42,pass
Sneha,seventeen,Female,10A,absent,,,,51,,,
Meena,15,,XI,,absent,45,absent,absent,68,,pass
Ananya,16,,XI,,82,78,,,,8.91,pass
Sneha,,,XI,,absent,absent,,80,,,FAIL
Arjun,17,Male,10-B,,46,,,absent,,,
Rohit ,,M,12 ,60,,absent,27,,,,
Rohit,19,F,12 ,absent,,,5,absent,86,,pass
Aditi,15,,10A,86,,,,,,five,Pass
Sneha,,Male,10A,,6,,,absent,absent,,Pass
Meena ,,F,,73,,42,,85,58,,
Karan,,M,XI,,absent,absent,,64,,,FAIL
Karan ,seventeen,M,10-B,14,45,40,35,30,,6.38,Fail
Arjun ,,Female,12 ,,,15,absent,,,,
Meena,15,F,12 ,,84,2,,,absent,,
Ananya,16,,12 ,69,,40,,,,,FAIL
Rahul,19,F,,,,,66,52,,,Pass
Rohit,19,Male,,,24,,absent,,48,five,FAIL
Arjun,16,,XI,,,,,absent,,,Fail
Sneha,19,M,10-B,,,absent,,,,7.54,Pass
Rohit,17,M,10A,46,,,,24,2,7.4,
Ananya,seventeen,,12 ,,69,22,,,,five,Fail
Meena,18,,10-B,77,,,,,,five,
Sneha,,Female,,70,,,absent,,2,,FAIL
Priya ,,,10-B,,,,,,45,,
Rohit,,,,,58,,51,,,,Fail
Rohit,,,,,58,,51,,,,Fail
Meena,,Male,XI,,,absent,,,,,
Karan ,,M,,21,69,,15,,,five,pass
Aditi ,15,Female,,,,,23,,,,
Ananya ,,Male,12 ,,absent,,,,absent,five,pass
Rohit,,,10A,,,,,,,,pass
Ananya,19,Male,,92,absent,,,90,92,,
Aditi,seventeen,,10-B,,68,32,41,93,,4.54,
Priya ,16,F,10-B,58,,absent,64,absent,,,FAIL
Sneha,18,,12 ,,,,38,16,,five,
Karan,15,Male,,,,absent,12,,,,pass
Priya,15,F,,12,,92,77,,absent,five,
Ananya,17,Female,XI,,59,absent,32,,,,Pass
Aditi,16,F,12 ,16,absent,,23,,,five,FAIL
Rohit,16,F,,absent,,,,,58,five,
Vikram,19,Female,12 ,,,,,,absent,five,Pass
Aditi ,17,F,10A,,,absent,,,,1.32,pass
Priya,17,F,XI,,,absent,,,,,
Aditi ,19,,10-B,,absent,,,,37,,FAIL
Rahul,16,M,12 ,,absent,,absent,absent,,,Fail
Sneha ,seventeen,Male,10-B,,absent,,,absent,,,pass
Vikram,15,F,12 ,,absent,,,,,4.1,Pass
Rahul ,17,Male,XI,,,58,,absent,,five,
Meena,19,Male,,absent,absent,,,28,,,Pass
Priya,16,M,12 ,,28,,,absent,,five,
Priya,16,M,12 ,,28,,,absent,,five,
Sneha,16,Female,XI,,,99,,64,absent,9.26,
Rahul,seventeen,Male,12 ,15,,,,88,absent,,
Rahul,15,,,,,,5,absent,57,,pass
Priya ,18,F,12 ,99,absent,,absent,,,,
Rahul,15,Female,10A,65,,68,7,29,11,6.99,
Priya,18,Female,,,25,,88,,71,7.74,pass
Rohit,19,M,XI,86,absent,,absent,,99,five,FAIL
Sneha,16,,XI,27,,,5,87,absent,five,pass
Rahul,17,F,XI,6,absent,,74,,,,
Rahul,15,,,,,,,,,,Pass
Karan,,F,,,absent,absent,23,,52,,
Vikram,19,,,,,absent,absent,,,five,
Meena,seventeen,,,,,,,absent,,five,
Karan,18,F,10A,18,,91,,,absent,2.55,
Rohit,seventeen,F,10-B,,,,77,26,absent,five,
Priya,,Male,10-B,,,,,,,,FAIL
Meena,15,M,,,,absent,,,,9.38,FAIL
Vikram ,,,10A,absent,,,,,,five,
Arjun,,,12 ,67,,32,36,,,9.77,Pass
Karan,15,F,,absent,,,absent,,91,6.93,
Rohit,17,F,12 ,,78,absent,absent,absent,,,pass
Ananya ,19,,XI,,,,,,absent,five,
Ananya ,16,Male,XI,,,absent,,absent,,,Fail
Arjun,19,Male,12 ,99,,,,,30,9.72,
Arjun,18,Female,XI,,,absent,,28,16,,Fail
Rahul,,,10A,absent,,,63,50,,five,
Aditi,19,Female,XI,,absent,absent,,13,,7.71,FAIL
Aditi,19,Female,XI,,absent,absent,,13,,7.71,FAIL
Meena,15,,10A,,,,,,31,,Fail
Arjun,,M,XI,100,absent,,absent,,absent,1.26,Pass
Karan,,F,10A,,,,,absent,,5.12,
Karan,17,Female,10-B,,,88,absent,55,,,Pass
Rohit,,Male,12 ,8,6,,,,83,five,FAIL
Vikram,17,M,10-B,absent,absent,13,,,absent,,pass
Vikram,19,Female,,absent,absent,,,,,,Pass
Ananya,,F,XI,,,96,,,,five,Pass
Vikram,18,,10A,0,,,absent,,absent,five,FAIL
Vikram,15,,10-B,absent,,,absent,,41,3.23,pass
Meena,17,,10-B,,28,,,52,absent,,
Meena,17,,10-B,,28,,,52,absent,,
Aditi ,15,,12 ,,,,,86,absent,,
Meena,18,M,10-B,,absent,,62,absent,,,Pass
Meena,15,,12 ,absent,,absent,absent,,,,Fail
Rohit ,18,,10-B,absent,69,,69,absent,absent,,
Rohit ,18,,10-B,absent,69,,69,absent,absent,,
Vikram,seventeen,M,,,,17,59,,absent,7.86,
Rahul,,,12 ,52,absent,,absent,47,absent,five,pass
Arjun,,,10A,,,,99,absent,59,,FAIL
Priya ,19,M,10A,,absent,,,,,five,Pass
Sneha ,seventeen,,,,absent,96,69,30,absent,2.19,
Sneha ,seventeen,,,,absent,96,69,30,absent,2.19,
Rohit,,,,,,52,67,,,five,pass
Ananya,17,Female,12 ,,91,92,,absent,7,4.88,Pass
Meena,seventeen,Male,12 ,,93,87,64,,,five,
Ananya,seventeen,M,12 ,33,43,54,,,,0.92,Fail
Priya,17,,XI,78,,,14,,,3.05,Fail
Vikram,16,Male,,absent,80,38,absent,,4,,
Vikram,15,F,12 ,,18,,absent,,,,FAIL
Karan,17,M,12 ,,,,19,,,five,Fail
Meena,,Male,,,,99,,,,,
Meena,18,Male,,100,,,,,,,Fail
Aditi,,,,absent,,absent,,,absent,,
Rohit,,,12 ,100,37,absent,40,22,94,,
Karan,,Male,XI,,23,,absent,,,,
Rohit,,Male,,,absent,,,absent,51,,FAIL
Vikram,17,F,,,absent,,absent,59,,2.47,
Arjun,19,M,10-B,,45,,,,,five,pass
Rohit,,F,12 ,17,,absent,,,,8.37,pass
Priya,17,Male,10-B,,,absent,,89,,8.34,pass
Priya,19,Female,XI,absent,100,,,45,,6.07,FAIL
Meena,16,,,,,,absent,,,five,
Aditi,,M,12 ,,,2,,absent,absent,,pass
Aditi,,F,12 ,,,,absent,,87,,FAIL
Arjun,,M,10-B,49,83,,,34,absent,,Fail
Vikram,15,M,10-B,,39,absent,,51,,,
Priya,,Female,,74,21,98,,,absent,,pass
Rahul,seventeen,Male,10A,,51,,15,58,62,1.35,pass
Karan,17,Female,,,,,,,,6.89,pass
Rohit,seventeen,Male,XI,,,absent,,,4,,
Aditi,,M,,,97,,,,,,pass
Ananya ,,,,absent,,,,,,five,pass
Ananya ,,,,absent,,,,,,five,pass
Priya ,19,,XI,,,,,67,absent,,
Karan,18,,XI,absent,,48,,20,,7.92,
Rahul,17,Female,,,68,,,,,4.11,Fail
Rahul,17,Female,,,68,,,,,4.11,Fail
Meena,seventeen,,10A,,absent,absent,34,absent,absent,,FAIL
Rahul,19,F,12 ,absent,absent,,,absent,,,FAIL
Vikram ,,,,,,74,absent,81,absent,,pass
Sneha ,15,Female,XI,,11,absent,absent,,absent,,Pass
Priya,,M,,72,,absent,,,25,1.29,
Aditi,16,,10A,absent,,absent,,28,,,
Aditi,,,,,,absent,,,absent,4.59,FAIL
Meena,15,F,10-B,,,absent,12,,,,FAIL
Karan,,,XI,,,,absent,26,1,4.92,
Vikram ,17,Female,XI,,70,,,,,,
Rohit,19,Male,XI,,,,,,,,Pass
Ananya,15,Female,10A,,41,,,95,35,,Fail
Ananya,17,M,12 ,33,19,,96,,,five,Fail
Rohit,17,,10A,,96,absent,,,,5.09,
Priya,,Female,10A,,absent,62,absent,,,,pass
Priya,seventeen,,,,88,3,,,,five,Pass
Rohit,,F,10-B,,54,,absent,23,,2.95,
Arjun ,15,Male,XI,absent,,20,58,,absent,3.23,
Karan ,17,Female,,,,,,,absent,,pass
Rohit,,Female,12 ,,,,,absent,,3.95,
Rohit,,Female,12 ,,,,,absent,,3.95,
Rohit,19,Male,12 ,,,,,,absent,6.39,pass
Rohit,18,Male,XI,,,absent,,,41,,
Ananya,,F,XI,,,,absent,absent,7,five,FAIL
Priya,19,Female,,,,,34,,,five,
Aditi,seventeen,F,12 ,,82,absent,absent,,,3.9,
Aditi,seventeen,,,,,,36,53,,,FAIL
Karan,16,M,10A,,absent,,,absent,,,
Vikram,17,,10-B,46,,absent,absent,absent,,five,
Aditi,17,Male,,,,absent,,absent,,8.52,FAIL
Karan,18,Male,10A,,absent,absent,,absent,,,FAIL
Karan,,,XI,,,,,,87,,FAIL
Sneha ,17,Female,,89,,,,,absent,5.39,Fail
Rahul,18,Female,12 ,,absent,absent,51,,,five,pass
Rahul,18,Female,12 ,,absent,absent,51,,,five,pass
Rohit,17,,10A,,81,,,,,2.19,pass
Rohit,17,,10A,,81,,,,,2.19,pass
Karan,18,M,12 ,,7,absent,,,,five,
Karan ,19,F,12 ,,,,absent,absent,,,pass
Rohit,17,,,absent,28,,,65,31,,
Rohit,17,,,absent,28,,,65,31,,
Priya,19,Female,,96,22,,,absent,,five,Pass
Aditi,17,Female,10A,,absent,absent,,32,,five,Pass
Priya,19,M,12 ,,,absent,,,,five,Fail
Aditi ,19,,10A,,50,72,24,,absent,6.78,
Arjun,19,,XI,,5,29,,,absent,five,FAIL
Sneha,15,Female,10A,absent,,8,79,,,,Fail
Priya,19,Male,,27,,,,,,,
Rohit,,,XI,,,3,,,,5.83,pass
Priya ,seventeen,Female,12 ,43,,73,15,,,,pass
Ananya,15,F,XI,absent,absent,,,,,,Pass
Rohit,seventeen,,10A,65,,95,,absent,absent,,pass
Arjun,17,Female,XI,17,absent,,absent,,,4.26,
Arjun,17,Female,XI,17,absent,,absent,,,4.26,
Rohit,16,Male,XI,absent,absent,,,,,five,Pass
Vikram,15,F,XI,,80,15,10,,absent,five,pass
Karan ,19,Male,XI,absent,absent,absent,,91,,4.42,FAIL
Aditi,seventeen,,,38,,,absent,33,,,
Meena,seventeen,Female,12 ,,,,28,,,,FAIL
Meena,18,Female,,81,95,,,absent,,,FAIL
Vikram,seventeen,,,,,,absent,22,,five,Fail
Ananya,18,,,,absent,56,,,,3.06,pass
Sneha,,Female,,,,,,10,,,FAIL
Arjun,16,F,10A,,87,,,,absent,,
Meena,18,Male,10-B,,absent,,,,,,Pass
Priya,18,,,27,absent,absent,35,,,,Fail
Karan,19,F,XI,absent,,,absent,77,34,,pass
Meena,17,M,,82,56,54,,,,five,Pass
Ananya,18,,10A,73,,,68,absent,absent,7.05,
Vikram,15,M,XI,53,,,absent,,,,Pass
Vikram ,,F,10A,,4,absent,,74,,five,FAIL
Meena,18,,10-B,,,,,absent,,,Pass
Ananya,18,F,,13,,,absent,,,,FAIL
Aditi,seventeen,,,24,,absent,73,,absent,,pass
Aditi,15,,XI,,96,,absent,4,57,2.91,pass
Rahul,15,Female,10A,,absent,,,,,,
Meena,17,Male,10-B,,absent,60,absent,absent,,five,Pass
Meena,17,Male,10-B,,absent,60,absent,absent,,five,Pass
Sneha,,,10A,,,absent,9,,,,
Arjun,,Female,10-B,,,,,,,,pass
Meena,seventeen,F,XI,,67,,,absent,,five,
Aditi,,M,,,,,,,,9.25,FAIL
Karan,seventeen,F,12 ,22,,32,,absent,73,,Pass
Ananya ,19,,12 ,,,absent,absent,,,five,Pass
Meena,19,F,10-B,,,absent,absent,,,,
Karan ,19,Male,10-B,absent,68,75,,absent,absent,five,pass
Karan,seventeen,Female,,,absent,absent,,87,absent,five,FAIL
Rahul,16,,XI,0,,,97,,,,Pass
Arjun,18,,,absent,,absent,,absent,,,pass
Ananya,18,Male,,,absent,,,absent,100,,FAIL
Sneha ,17,,10-B,absent,absent,,,,absent,,Pass
Rohit ,16,M,,,,,61,,absent,,Fail
Aditi,,Male,12 ,,,,,,,,
Ananya,18,Male,10A,,78,,,,,8.68,FAIL
Karan,,Female,,,,,,81,,9.11,
Karan,,M,,,absent,absent,89,,,5.18,Fail
Karan,,M,,,absent,absent,89,,,5.18,Fail
Ananya,16,,,,,68,,absent,59,,
Ananya,16,,,,,68,,absent,59,,
Priya,18,,12 ,,,,77,absent,,2.25,
Priya,15,M,,,,absent,,76,15,6.34,FAIL
Rohit,19,M,12 ,,,89,,,absent,,pass
Rohit,19,M,12 ,,,89,,,absent,,pass
Vikram,seventeen,Male,10A,,4,absent,,31,absent,five,FAIL
Rohit,16,M,10-B,,,29,,,,0.91,
Karan,19,Female,10-B,,absent,,,,91,5.23,Pass
Aditi,19,,XI,,,absent,,,,,FAIL
Aditi,19,Female,,,,,absent,,,1.69,pass
Rohit,19,,,,,,12,21,,,Fail
Arjun,17,Male,10-B,,,,absent,,absent,,pass
Sneha ,seventeen,Male,,98,,68,19,,absent,,
Rahul,17,Female,12 ,,,,,absent,,6.28,Pass
Rohit ,18,Female,,absent,,,absent,,,,Fail
Aditi ,17,,10A,absent,,,,absent,absent,,pass
Aditi,19,Male,,,,,,,,,
Sneha,,Female,,6,absent,,,65,52,,
Priya,,Female,XI,,76,,,27,,,Pass
Arjun,15,M,10A,44,,,,,,five,FAIL
Rohit,,,10-B,absent,,59,,,absent,,FAIL
Sneha,,Male,10-B,82,absent,,,,,,Pass
Ananya,,Female,XI,60,11,,24,,,,
Meena,,M,,,absent,85,,,,,FAIL
Karan,17,Female,,48,,31,absent,absent,,five,pass
Rahul ,,,10-B,absent,,,92,,,,FAIL
Priya,,F,12 ,,,,absent,,45,,Fail
Rohit,15,,,,,,absent,,,,pass
Rahul,16,F,10-B,,,,,absent,absent,five,Fail
Aditi,seventeen,M,,36,absent,,13,,,,Pass
Vikram,seventeen,F,XI,,absent,,,50,,five,Fail
Rohit,17,F,,,44,absent,63,,absent,6.75,
Rohit,17,F,,,44,absent,63,,absent,6.75,
Rohit,seventeen,Female,12 ,,absent,absent,,absent,,five,Fail
Ananya,16,Female,,absent,absent,,absent,66,,five,FAIL
Vikram,15,F,XI,41,,,99,,absent,7.05,
Vikram,15,F,XI,41,,,99,,absent,7.05,
Vikram,,,10A,,,,absent,absent,44,,FAIL
Rohit,15,M,10-B,,,absent,,,,,
Aditi,17,Female,10-B,,,,absent,,absent,,Pass
Aditi,17,Female,10-B,,,,absent,,absent,,Pass
Rahul,,,10-B,,,,absent,,absent,,
Rohit,19,Male,XI,,,84,absent,absent,,,
Aditi ,seventeen,M,XI,,,,,,16,five,Pass
Priya,,Male,10A,,85,,,,,five,Pass
Priya,,Male,10A,,85,,,,,five,Pass
Arjun,,,,,absent,,,96,80,five,Pass
Rohit,,F,XI,29,absent,absent,,,,8.59,Fail
Meena,seventeen,Female,,,,,,absent,,,FAIL
Sneha,15,Female,10-B,,2,absent,,,12,5.68,Pass
Karan ,,,12 ,absent,,,,,,0.89,Pass
Karan ,,,12 ,absent,,,,,,0.89,Pass
Rohit,19,,10A,absent,,60,,80,,,
Karan,17,M,10-B,,,absent,,,2,five,
Aditi,17,F,XI,69,,,99,69,,,pass
Aditi ,seventeen,,XI,31,absent,,absent,,,,Fail
Sneha,,Male,12 ,,66,absent,,60,45,,Fail
Priya,16,Female,10-B,,,,absent,47,,five,Pass
Rahul,,Female,12 ,81,,,,,,,pass
Karan,19,F,,,,,,96,,five,
Vikram ,17,Male,XI,,,absent,absent,,,five,Fail
Meena,,M,10A,1,,97,absent,5,,9.05,Fail
Vikram ,17,,XI,,94,absent,,,41,,
Priya,,Female,,,,,,,absent,,FAIL
Rahul,,M,,,,,31,,18,,Fail
Meena,16,F,,,,,,absent,,five,Fail
Vikram,seventeen,Male,10-B,74,,,,,,,FAIL
Ananya ,19,,10A,53,,2,,absent,28,,pass
Rohit,18,Female,12 ,,,,,,13,,Pass
Priya,15,,,,,,,,absent,five,Fail
Rahul,,Male,,3,absent,,absent,71,,,FAIL
Meena ,16,,10-B,,absent,,97,,,five,FAIL
Karan,15,Female,10A,,absent,,,absent,,9.79,pass
Rohit,15,,,,86,,21,,,,
Meena,17,,12 ,22,,,,absent,,,pass
Aditi,,M,10-B,,,absent,absent,,75,five,Pass
Ananya,seventeen,,,,absent,,,85,,five,pass
Sneha,17,,12 ,,,absent,absent,,,five,FAIL
Vikram,,Male,10-B,,absent,,,,,five,Pass
Rohit,17,,,,17,72,,,27,five,
Ananya,seventeen,M,,absent,,,,,,five,
Priya,18,M,,,62,absent,32,absent,,,Pass
Aditi ,16,Female,,,,,,81,absent,,pass
Priya,18,Male,,,8,,absent,,,0.91,
Priya,18,Male,,,8,,absent,,,0.91,
Arjun,,,XI,,absent,2,90,,64,five,pass
Vikram,16,Male,,47,absent,,,,absent,1.99,
Vikram,seventeen,,,,,,,,absent,,Pass
Rohit,18,M,12 ,,,,,absent,66,6.35,Fail
Vikram,18,,XI,,35,absent,,,,,Pass
Rohit,15,Male,,,,absent,,,,,Fail
Rohit,15,Male,10A,,,,absent,22,,,
Arjun,seventeen,,XI,,,absent,,69,,6.91,
Sneha,17,Male,10-B,,40,,absent,,,,FAIL
Karan,15,F,10-B,,,,80,,1,five,
Meena,,Female,12 ,,,43,38,,absent,five,FAIL
Aditi,19,Male,,99,,,,85,80,,Fail
Rahul ,,Male,10A,,,,,98,74,3.59,
Sneha,16,,10-B,absent,,90,29,54,,five,Pass
Aditi,15,,,absent,,,absent,43,19,,FAIL
Rohit,16,,12 ,,absent,,55,absent,,,Pass
Arjun ,15,M,10A,92,,absent,,,,4.54,Pass
Meena,15,Female,XI,absent,,absent,,absent,16,,Fail
Vikram ,19,F,10-B,,absent,76,,,18,five,Pass
Priya,,,,absent,absent,absent,,absent,,,Pass
Priya,,,,absent,absent,absent,,absent,,,Pass
Priya,15,Female,10-B,,absent,,,,17,five,Pass
Rohit,16,,XI,,9,absent,absent,38,,2.29,Fail
Vikram,,Male,12 ,,,,absent,,,five,FAIL
Aditi,,,XI,absent,,15,,,,five,FAIL
Aditi,,,XI,absent,,15,,,,five,FAIL
Vikram,,M,10A,absent,,absent,,,46,3.91,pass
Karan,,,10-B,,60,10,,,,8.15,
Rohit,17,Female,XI,absent,,3,,,,,Pass
Meena ,seventeen,Male,10A,1,93,,,absent,,0.98,pass
Meena,18,,,,,,absent,,,,FAIL
Priya,15,Female,10-B,,,absent,,absent,,,
Sneha ,,F,12 ,,34,71,,,,,Fail
Meena,,,10-B,50,39,absent,,absent,70,,Fail
Vikram,19,Male,10A,,,absent,,,19,,pass
Meena ,15,F,10-B,,,,47,1,,6.58,
Vikram,,Female,10-B,,,absent,,,,3.66,
Sneha,seventeen,,XI,absent,,,,53,absent,9.7,FAIL
Aditi,,M,XI,,5,,,,41,,Pass
Arjun,17,,10-B,,14,absent,,,,five,Fail
Arjun,17,,10-B,,14,absent,,,,five,Fail
Karan,17,,,,,,,,absent,five,FAIL
Ananya,17,,,,,absent,,,absent,,FAIL
Ananya ,18,M,XI,,13,,absent,98,,,Pass
Vikram,,Male,10-B,absent,,absent,,,,,FAIL
Rahul,19,,XI,93,,,absent,15,34,,pass
Rahul,18,Female,XI,,,,,,58,8.96,FAIL
Rahul,18,Male,XI,,absent,,5,,absent,7.99,Fail
Ananya,17,Female,12 ,77,,48,,,54,five,
Aditi,seventeen,Female,10-B,absent,,,,absent,34,five,pass
Rahul ,19,Male,10-B,,absent,,5,absent,,9.39,Fail
Aditi,seventeen,Male,10A,absent,,,,98,,five,
Ananya,,,12 ,,,,8,,absent,,
Rohit,,Male,,6,96,absent,,,absent,,Fail
Arjun,seventeen,F,12 ,absent,,,absent,,52,five,Pass
Vikram,seventeen,F,,,,absent,,70,,,Fail
Aditi,17,Male,10-B,,,,,,44,five,Fail
Priya,seventeen,,,absent,1,,,,,9.82,
Vikram,19,M,10-B,,,,,,,five,Pass
Arjun,18,M,10A,absent,78,absent,,absent,17,,FAIL
Karan,seventeen,F,12 ,26,,,,,,five,
Rahul,16,,10A,absent,,,absent,,,,
Priya ,17,,12 ,2,,,absent,,,five,
Rahul,15,F,12 ,,,,,,,five,pass
Arjun,,Male,,,,48,absent,,absent,7.27,FAIL
Sneha,,M,12 ,absent,,79,absent,1,53,3.78,pass
Aditi,seventeen,F,,,82,,14,26,27,five,pass
Aditi ,,,10-B,absent,,absent,absent,absent,,2.74,FAIL
Ananya,19,Female,12 ,absent,31,66,absent,,58,five,FAIL
Vikram,17,Female,12 ,95,,18,73,38,absent,,pass
Vikram,17,Female,12 ,95,,18,73,38,absent,,pass
Vikram,16,,10-B,61,,absent,,,absent,,Pass
Ananya,17,M,10-B,,0,,,18,60,4.95,
Rohit ,15,M,,1,57,absent,98,,97,five,Fail
Ananya,,F,,,,24,,,,8.17,Fail
Rohit,19,,XI,,,absent,,,absent,,FAIL
Sneha ,17,Female,,,,,,34,absent,,
Sneha,15,Male,,77,,,81,,96,,Pass
Ananya,,Female,,,65,,absent,,2,8.83,FAIL
Meena ,,Male,,,,,,29,,,Fail
Arjun,,Male,10-B,absent,7,absent,17,48,absent,6.41,pass
Ananya,19,,,,,,absent,absent,,,pass
Sneha,19,M,,,absent,,49,,,five,FAIL
Priya,18,F,10-B,,,,,,,five,
Arjun,15,M,,69,,,absent,,,five,FAIL
Meena,17,Male,,,,absent,4,absent,,,Pass
Rohit,,,12 ,absent,,absent,,13,,,Fail
Aditi,,Male,10-B,,,,6,absent,,3.61,
Aditi,,Male,10-B,,,,6,absent,,3.61,
Rahul,16,M,10-B,absent,,56,,24,,five,FAIL
Aditi,18,M,XI,,,,,absent,,,Fail
Rahul ,18,M,10-B,2,,,absent,,,,Pass
Aditi ,15,Male,10A,,,,,,absent,five,Pass
Rohit,,Male,,,,,,,98,,Fail
Karan,19,M,,,absent,,,,,,pass
Vikram,18,Male,,82,,40,,absent,,five,pass
Ananya,seventeen,Male,12 ,,absent,77,,,87,1.23,
Vikram,,Female,,,,55,,,,,Fail
Sneha,,Male,,30,,,,,absent,,FAIL
Vikram,16,Female,12 ,96,absent,,58,,18,,Fail
Aditi,15,,,88,absent,,63,91,,,Fail
Rahul,15,Female,,absent,,52,,,,five,FAIL
Sneha,19,,XI,,,,,,,,FAIL
Arjun ,,,,,,,,,,7.83,FAIL
Rohit,18,F,10A,,,,,absent,,five,
Rohit,17,F,XI,61,absent,,absent,,68,,Pass
Karan,17,Female,10A,,,,30,,,five,FAIL
Priya,,F,10-B,,,,absent,absent,,,FAIL
Arjun,15,,10-B,absent,,,,absent,,,Pass
Arjun,16,Male,,,,,,absent,,4.24,
Rahul,16,Female,12 ,,,,8,absent,,9.97,Fail
Aditi,16,M,12 ,,,absent,,,,,
Meena,16,Male,10A,27,absent,,,58,,,
Ananya,19,Female,10-B,,,absent,8,,9,five,Fail
Sneha,,,,,absent,,,,absent,,Fail
Priya,19,,,absent,,,,absent,,,pass
Priya,19,,,absent,,,,absent,,,pass
Arjun,,M,XI,,,,,,absent,,pass
Sneha,15,Male,,58,,,,,,five,
Ananya,15,Female,,absent,,absent,,,21,2.3,
Rahul,,M,,,absent,absent,,,,,pass
Karan ,,F,10A,absent,absent,absent,absent,,,,pass
Rahul,17,F,,,,absent,,44,,five,
Meena ,18,,XI,absent,,,absent,,65,five,Pass
Meena,seventeen,Female,10A,,38,absent,,15,,,
Rahul,,Male,10-B,,,absent,,absent,,6.63,
Aditi,19,M,12 ,,absent,,absent,,absent,,Fail
Rohit,16,F,12 ,,absent,,,,,five,
Rohit,16,F,12 ,,absent,,,,,five,
Rohit,seventeen,Male,XI,90,,,38,,,,pass
Rahul ,18,,10A,absent,,absent,absent,,,five,
Vikram ,seventeen,,,24,,,absent,,absent,,Pass
Meena,,M,,,absent,,,,,,
Rahul,15,,XI,25,,,,absent,absent,,FAIL
Ananya,15,Female,12 ,absent,absent,absent,,19,absent,1.24,pass
Rahul,18,,10A,,4,,,,,five,
Aditi,,,10-B,,,,,absent,,five,
Rohit,17,Male,12 ,,,,absent,,32,five,Fail
Rahul,17,Male,,,,87,,absent,,,Fail
Rahul,seventeen,,10A,46,,absent,13,absent,77,2.12,FAIL
Karan ,,Male,XI,absent,88,,,absent,,,
Arjun,17,,,,,3,absent,,,,
Vikram,,Female,,,absent,,absent,absent,,,Fail
Karan,,Male,10-B,63,,,,,,,Pass
Rahul,17,M,10-B,,100,,absent,absent,,9.15,pass
Ananya,,M,XI,89,,,,,absent,,Pass
Rahul,,F,10-B,,absent,absent,absent,,absent,five,Fail
Vikram,15,Female,10A,,,,absent,,,7.28,
Aditi,,Female,XI,,,,absent,6,,,
Arjun,15,,10A,,,82,20,,,,Pass
Rohit,16,F,,59,,,absent,,,,
Rohit ,18,Female,,,absent,,absent,absent,,,
Arjun ,,,XI,,,,,,absent,five,Fail
Ananya,19,F,10-B,absent,absent,absent,,,9,,Fail
Priya,,,10A,38,,84,,absent,89,five,Fail
Priya,,,10A,38,,84,,absent,89,five,Fail
Rohit,,F,,,93,absent,absent,24,76,,
Rohit,seventeen,F,10-B,,,,,50,66,five,
Arjun ,,Male,10-B,,absent,55,,,,,Fail
Sneha,15,Female,10-B,absent,,18,absent,,44,five,
Arjun,,,,,,absent,absent,,93,,FAIL
Vikram,,Male,XI,,absent,,,,,,
Sneha,,Male,,absent,,,13,,44,,
Sneha,,Male,,absent,,,13,,44,,
Vikram,,,10-B,absent,,,30,,,five,
Ananya,19,Female,,,27,76,,absent,absent,,Fail
Meena,,,,absent,,,,,,4.79,pass
Aditi,,M,,,19,,absent,,,9.33,
Arjun ,16,M,10-B,,absent,92,,absent,absent,,
Vikram ,,F,12 ,,35,,,,absent,,
Rahul,,Female,10A,,absent,absent,,,,,Fail
Rohit,seventeen,Male,XI,,,absent,59,absent,46,five,Pass
Karan,17,,10-B,,absent,absent,11,absent,,4.41,Fail
Karan,16,,10A,,,,,,,,
Sneha,17,F,12 ,absent,,,absent,absent,34,4.68,FAIL
Sneha,17,F,12 ,absent,,,absent,absent,34,4.68,FAIL
Rohit,,F,10-B,82,,95,,56,,,
Arjun ,,M,,absent,,,absent,84,,9.48,pass
Priya,seventeen,,10-B,14,,,,,82,five,
Vikram,seventeen,,10-B,32,,absent,52,47,absent,,Pass
Karan,19,,,,,absent,46,,,5.7,Fail
Priya ,seventeen,,10-B,,,,,,71,,Fail
Vikram,19,F,,88,,absent,,,,,Pass
Rohit,,,12 ,8,,,,79,absent,2.92,FAIL
Ananya,seventeen,Female,,absent,24,,,,,,
Aditi,17,,,77,absent,28,,,,,Fail
Aditi,16,Female,10-B,99,28,,29,,,,FAIL
Aditi ,,,,,,84,,,,,pass
Vikram,15,Female,12 ,98,absent,,absent,31,27,,Pass
Priya ,15,Female,,,,absent,37,,,,Pass
Vikram,15,F,,,,42,absent,,absent,3.74,Fail
Vikram,19,,12 ,100,absent,,,,,,
Aditi,19,Male,,absent,,absent,,,,2.16,FAIL
Karan,17,F,XI,99,48,83,absent,,,3.49,Pass
Rahul,15,M,,,absent,,87,,,five,
Rohit,19,Male,10-B,,13,absent,absent,88,,,Fail
Ananya,,Male,XI,,,,absent,,absent,five,
Rohit,19,Male,10-B,absent,41,,,,absent,,pass
Aditi ,16,,XI,,,absent,,,,five,pass
Meena,,Female,12 ,,,absent,,absent,,five,
Rohit,,Female,,absent,,absent,absent,,,3.24,Fail
Priya,18,M,,33,absent,28,,absent,80,6.51,pass
Vikram,16,Male,XI,,,77,6,absent,absent,8.71,
Meena,18,M,10A,,77,55,26,,,,FAIL
Ananya,16,F,XI,,,,,40,,,
Meena,17,,10A,,52,,,,absent,7.8,Pass
Sneha,15,M,,absent,47,47,,,,five,
Meena,15,Female,12 ,,,,50,,,five,
Ananya,16,Female,10-B,,,,,,,,
Karan,,M,XI,22,,,absent,absent,,,Fail
Karan,seventeen,Female,,44,absent,,,65,,,
Vikram,,Male,10A,absent,,15,,,absent,,
Meena ,seventeen,F,10-B,,absent,5,,,absent,,Pass
Aditi,16,,,,,,,absent,61,8.65,
Priya ,seventeen,,10A,,absent,absent,,,,,FAIL
Vikram,17,F,XI,,,,absent,84,absent,,FAIL
Ananya ,19,Male,10-B,,,,,44,absent,2.49,Pass
Ananya ,19,Male,10-B,,,,,44,absent,2.49,Pass
Karan,16,F,,absent,,,69,99,,,
Arjun,seventeen,,12 ,,absent,41,absent,,28,five,
Sneha,15,,10-B,,absent,19,,,,,Pass
Meena,15,Female,10-B,,,30,,,71,5.78,pass
Arjun,18,Female,12 ,absent,,absent,absent,,absent,7.26,
Vikram,,F,10A,,,,absent,93,,five,
Meena ,16,,,,,,,,,,Pass
Meena,16,,12 ,,20,,,,,9.71,
Aditi,seventeen,M,XI,absent,,,absent,,,,Pass
Vikram,,,,,,,,,absent,,Pass
Rohit,,,10-B,,,,,absent,,five,Pass
Karan,18,M,XI,,,,absent,,2,,Pass
Meena ,,Female,10-B,9,,,absent,,58,9.53,pass
Arjun,16,,10-B,,absent,,,72,,five,Fail
Rohit ,18,Male,12 ,85,absent,,,,absent,5.08,Fail
Meena,16,F,10-B,,,,,,,,
Meena,seventeen,Male,,,40,,absent,,,,
Rohit,,M,XI,,,,58,,,five,
Ananya,,,,,51,,,,16,,FAIL
Karan ,seventeen,F,XI,,,,77,,,,FAIL
Arjun,16,M,10-B,,,absent,absent,,,five,Pass
Rahul,17,Male,10-B,,,absent,64,absent,,,FAIL
Rahul,18,,,absent,,,,absent,absent,,Fail
Arjun,16,Male,10A,,,,,,,,Fail
Arjun ,16,,12 ,,,,74,,,five,Pass
Meena ,,Female,12 ,,absent,,52,absent,,five,Fail
Aditi,18,Male,,,,8,3,,,five,
Aditi,18,Male,,,,8,3,,,five,
Rohit,17,F,10-B,1,absent,,absent,absent,,,
Karan ,15,M,12 ,71,,,,,,five,FAIL
Karan,18,,10-B,,,,84,,,,Pass
Priya,18,,,90,absent,63,,,,,FAIL
Priya,18,,,90,absent,63,,,,,FAIL
Karan ,16,,10A,,93,,absent,,77,5.04,Pass
Meena,17,Female,12 ,,absent,6,,,,,
Aditi,,,XI,,,47,,,,,Fail
Vikram ,15,,,36,,,,,53,6.07,Pass
Arjun,15,,XI,45,,,absent,,,,FAIL
Aditi ,,M,10-B,absent,absent,,,,absent,6.01,pass
Rahul,18,M,10-B,absent,,49,,,absent,,pass
Priya,15,,,,,,absent,69,absent,,Fail
Karan,15,,10A,absent,31,,0,,,five,FAIL
Meena,16,M,XI,87,,8,,12,,,Fail
Rahul,seventeen,,XI,absent,,,,,3,,FAIL
Priya,16,F,,absent,,,,,,,Fail
Aditi,,Male,12 ,,64,,,61,12,,
Priya,seventeen,,XI,,,,35,,absent,,FAIL
Ananya,seventeen,,,,,55,,,,five,
Sneha,seventeen,Male,10-B,absent,77,,64,,19,five,FAIL
Arjun,15,,,,,absent,absent,,71,,
Ananya,,M,,absent,,87,,absent,,5.65,
Aditi,seventeen,F,12 ,,,absent,,,,,Fail
Rohit,19,,10A,,absent,absent,,58,,6.84,Pass
Priya,19,Male,12 ,,93,absent,absent,,,five,FAIL
Sneha,18,,XI,absent,,,,absent,absent,five,pass
Sneha,seventeen,Male,,,,,absent,,,five,
Arjun,seventeen,,,,,53,absent,absent,,,
Rohit ,15,Female,10A,,63,,,,,,
Meena ,,F,XI,48,0,50,,,,five,
Sneha,18,Female,12 ,87,absent,,,,,,
Arjun,seventeen,,12 ,,,absent,,absent,20,five,pass
Ananya,,,12 ,,,absent,,,,5.19,Fail
Sneha ,16,M,10A,,,absent,,,,five,Fail
Aditi,seventeen,Female,,63,,,,,28,five,pass
Aditi ,seventeen,Male,,87,absent,,98,,,,pass
Arjun,17,M,XI,,,absent,41,,,,FAIL
Rohit,17,,,,,,6,63,17,,Fail
Ananya,16,,XI,69,,,absent,,,6.82,Pass
Rohit,15,M,,,,absent,,86,absent,,Pass
Arjun,19,Male,10A,absent,absent,91,,,,five,Pass
Meena,19,,12 ,14,73,absent,55,80,absent,,Pass
Vikram,17,M,12 ,97,,,,absent,40,five,Fail
Vikram,15,F,10-B,,,,,0,,five,Fail
Ananya,,Male,10-B,,,absent,,absent,,five,
Vikram,18,,XI,67,absent,,absent,,,8.9,pass
Sneha,15,,,27,,30,,,,,
Vikram,19,,10-B,,absent,,absent,,absent,1.94,Fail
Rohit,16,F,10A,71,,,,,absent,,FAIL
Meena ,19,F,12 ,,,absent,,,,,pass
Vikram,seventeen,,10A,,,,,0,,1.13,Fail
Priya ,17,,10A,,,34,,absent,,,pass
Arjun,15,,10A,absent,absent,absent,,,,five,pass
Vikram,19,M,12 ,,,absent,,,absent,,FAIL
Sneha,,,XI,,59,,81,,,,Fail
Priya,15,Female,12 ,absent,,absent,,,,8.06,Fail
Karan,seventeen,,10A,,97,absent,,,12,five,
Sneha,17,,,,24,,93,,absent,five,pass
Karan,17,Male,XI,,,,absent,,41,2.57,
Meena,15,,,,69,,25,absent,48,,
Priya,15,Male,10-B,14,,2,,,,,
Priya,15,Male,10-B,14,,2,,,,,
Ananya,,Male,10A,absent,absent,absent,36,52,,,
Rohit,,,,absent,,,,100,45,,pass
Sneha,18,F,,,,,,17,absent,five,Fail
Sneha ,seventeen,M,,,48,92,absent,,83,five,Fail
Aditi,18,,10-B,absent,,,,61,,6.53,pass
Aditi,19,,,4,absent,0,84,absent,,,Pass
Karan,,M,,,,absent,,,,,
Sneha,seventeen,F,12 ,absent,,absent,30,,absent,7.92,
Rahul,17,M,,,13,,90,62,23,9.46,Fail
Rahul,,F,10A,,,absent,,,absent,9.06,FAIL
Arjun,18,M,,24,,absent,,76,,,Pass
Vikram,15,F,,75,,2,85,absent,,five,Pass
Arjun,,Male,,,,,47,,,,
Aditi,,,10-B,,,,3,,,,
Vikram ,seventeen,Female,,,absent,81,absent,,,,pass
Aditi ,19,,XI,,,,,,,,Fail
Arjun,15,F,10-B,,,,,,,,Fail
Rahul,18,,XI,35,,,absent,absent,4,,Fail
Arjun,16,,10A,,,,,,,five,Pass
Karan,15,Female,,,,87,,,,,
